268;Mathov;Abraham;L;Longchamps;54;1;1;Estimada;raqueldeba@yahoo.com.ar;477;23-05276641-9
1256;Vidal ;Adelina;L;José C. Paz;23;1;1;Confirmada;vidadelina@hotmail.com;1469;27-26782000-2
156;Martignone;Adolfo;L;Barracas;9;1;0;Inactiva;apm1@velay.com.ar;298;20-04248696-6
5000;Ablático;Adolfo;L;Berazategui;11;0;1;Confirmada;aablatico@strat-consulting.com;22;23-08264050-9
156;Martignone;Adolfo;L;Longchamps;54;1;1;Confirmada;apm1@velay.com.ar;298;20-04248696-6
156;Martignone;Adolfo;L;Villa Insuperable;96;1;1;Confirmada;apm1@velay.com.ar;298;20-04248696-6
1120;De Vicenti;Adrian;L;Santos Lugares;56;1;1;Confirmada;totoadv@yahoo.com.ar;1175;23-12403723-9
562;Racciatti;Adrián;L;Villa Lugano;47;1;1;Confirmada;adrianracciatti@hotmail.com;154;50-00000005-9
1003;Sierra;Adrián;I;Villa Mercedes;80;1;1;Confirmada;asierra1@speedy.com.ar,asierra@autodromoba.com.ar;935;20-08037494-2
1157;van Deurs de Amadeo;Adriana;L;Virrey del Pino;57;1;1;Confirmada;avdeurs@fibertel.com.ar;1119;27-06139582-8
1216;Sacerdoti;Adriana;L;Merlo;61;1;1;Confirmada;asacerdoti@netizen.com.ar;1251;27-05267432-3
1177;Grupo Agus Bugnard;Agus Bugnard y grupo;L;Beccar;10;1;1;Confirmada;gabrielafabro@cimientos.org;1132;30-54170555-0
115;Fonseca;Agustín;L;Villa Soldati;48;1;1;Confirmada;agustin.e.fonseca@monsanto.com;324;20-25021472-1
946;Sánchez Alcázar;Agustín;L;Villa Insuperable;96;1;1;Confirmada;asalcazar@hotmail.com;833;20-29525547-2
906;Caballero;Agustín y Molly Benvenuto;L;Virrey del Pino;57;1;1;Confirmada;mollybenvenuto@hotmail.com;794;23-05897048-4
795;Ortiz Lóizaga;Agustina;L;Florencio Varela;21;1;1;Confirmada;guguita77@yahoo.com.ar;646;27-25895491-8
1272;Martinez Estrada;Agustina;L;Virrey del Pino;57;1;1;Confirmada;ame@gbreuer.com.ar;1507;27-24872080-3
1112;Benegas;Agustina;L;Laferrere;73;1;1;Confirmada;agus_nacho2778@hotmail.com;1168;27-33780231-7
92;Clutterbuck;Alan;L;Laferrere;73;1;0;Inactiva;alan@clutter.com.ar,alan_clutter@arnet.com.ar,;39;20-18760263-8
1151;Sauce;Alberto;I;Concordia;16;1;1;Confirmada;alberto@saucemiedan.com;1179;20-17835507-5
1111;Benchimol ;Alberto;L;Longchamps;54;1;1;Confirmada;benchimol95@gmail.com;1193;20-23177521-9
993;Schuster;Alberto;L;Virrey del Pino;57;1;0;Inactiva;aschuster@kpmg.com.ar;914;20-10984097-2
1248;Giachetti;Alberto;L;Laferrere;73;1;1;Confirmada;agiachetti@gmail.com;1447;20-04431894-7
345;Marque;Alberto y Liliana;L;Gral. Rodriguez;55;0;1;Confirmada;intrepidasa1@hotmail.com;368;30-57682530-3
345;Marque;Alberto y Liliana;L;Gonzalez Catán;109;1;0;Inactiva;intrepidasa1@hotmail.com;368;30-57682530-3
981;Forchieri;Alejandra;I;Tucumán;45;1;1;Confirmada;alejandra.forchieri@hotmail.com;873;27-18085510-1
312;Robinson;Alejandra;L;Ezeiza;58;1;0;Inactiva;asr@robinson.com.ar;296;27-01829478-3
312;Robinson;Alejandra;L;Laferrere;73;2;3;Confirmada;asr@robinson.com.ar;296;27-01829478-3
1227;Estevez;Alejandro;L;Longchamps;54;2;2;Confirmada;aestevez@ebabogados.com.ar;1269;20-21982822-6
1139;Matheu;Alejandro;L;Santos Lugares;56;1;1;Confirmada;matheuale@hotmail.com, merypatron@hotmail.com;1177;20-28815231-5
662;Laurence;Alejandro;L;Virrey del Pino;57;5;3;Confirmada;laurence@correntoso.com,sara@correntoso.com;277;20-07607877-8
662;Laurence;Alejandro;L;Ezeiza;58;1;0;Inactiva;laurence@correntoso.com,sara@correntoso.com;277;20-07607877-8
662;Laurence;Alejandro;L;Merlo;61;1;1;Inactiva;laurence@correntoso.com,sara@correntoso.com;277;20-07607877-8
662;Laurence;Alejandro;P;San Patricio del Chañar;85;2;2;Confirmada;laurence@correntoso.com,sara@correntoso.com;277;20-07607877-8
662;Laurence;Alejandro;L;Gonzalez Catán;109;3;0;Inactiva;laurence@correntoso.com,sara@correntoso.com;277;20-07607877-8
662;Laurence;Alejandro;P;Villa La Angostura;111;0;9;Confirmada;laurence@correntoso.com,sara@correntoso.com;277;20-07607877-8
315;Milberg;Alejandro S.;P;San Martín de los Andes;39;1;1;Confirmada;amilb36287@aol.com;310;50-00000212-4
315;Milberg;Alejandro S.;L;Villa Soldati;48;0;1;Confirmada;amilb36287@aol.com;310;50-00000212-4
315;Milberg;Alejandro S.;L;Gonzalez Catán;109;1;0;Inactiva;amilb36287@aol.com;310;50-00000212-4
569;Cora;Alejandro y M.Luz Justiniano;I;Trenque Lauquen;44;1;1;Confirmada;mlgjustiniano@hotmail.com,alejandro@debene.com;191;27-93957295-9
157;Mazzini de Blaquier;Alejandro y María;L;Florencio Varela;21;1;1;Confirmada;losblaq@arnet.com.ar;27;27-29751784-3
157;Mazzini de Blaquier;Alejandro y María;L;Villa Lugano;47;2;2;Confirmada;losblaq@arnet.com.ar;27;27-29751784-3
951;Harper;Alexander;L;Beccar;10;1;1;Confirmada;aharper@mbh.com.ar,misturiz@mbh.com.ar;840;50-00000212-4
1290;Navarro;Alfredo;I;Santiago del Estero;41;1;1;Confirmada;anavarro@hotmail.com.ar;1571;20-16478274-4
937;Guidali;Alfredo;L;Villa Soldati;48;1;0;Inactiva;guidalialfredo@speedy.com.ar;808;27-12076392-5
1270;Ricciardelli;Alicia;L;José C. Paz;23;1;1;Confirmada;ricci_ali@yahoo.com.ar;1488;23-23846888-4
1300;Rossi;Alicia;I;Santiago del Estero;41;1;0;Inactiva;aliciarossi2276@hotmail.com;1604;27-12203126-3
1143;Radice de Varela;Alicia;L;Santos Lugares;56;1;1;Confirmada;aliradice@hotmail.com;1192;27-11016898-0
1303;González;Alicia Marina;P;San Patricio del Chañar;85;1;1;Confirmada;ali_m_gonzalez@yahoo.com.ar;1686;27-13978103-7
1223;Garcia del Solar;Amelia;P;Añelo;98;1;1;Confirmada;amelia_garcia@fibertel.com.ar;1342;27-05806924-3
992;Azzano;Ana;I;Santiago del Estero;41;1;1;Confirmada;anaazzano@gmail.com,;916;23-12548689-4
661;Gennero;Ana María;L;Moreno;27;1;1;Confirmada;gennero@mdp.edu.ar;193;27-06431563-9
336;López;Ana María;L;Virrey del Pino;57;1;1;Confirmada;escrilopez@infovia.com.ar;506;27-11490064-3
341;Viscay;Ana María;L;Gonzalez Catán;109;2;0;Inactiva;ana_viscay@yahoo.com.ar;116;27-06211349-4
1118;Carissimi;Ana y Francisco ;L;Florencio Varela;21;1;1;Confirmada;anacarissimi@hotmail.com, fspaghi@gmail.com;1138;20-27536090-3
1155;Troncoso;Ana y Jorge;L;Ezeiza;58;1;1;Estimada;analiatroncoso@fibertel.com.ar, jtroncoso@fibertel.com.ar;1147;27-05497021-3
1129;Gonzalez;Analia;L;Zárate;49;1;1;Confirmada;analiag2007@gmail.com;1170;27-22134220-3
1129;Gonzalez;Analia;L;Santos Lugares;56;1;0;Inactiva;analiag2007@gmail.com;1170;27-22134220-3
176;Oliveros;Andrea;L;Beccar;10;1;1;Confirmada;andreaoliveros@fibertel.com.ar;240;27-18426457-4
176;Oliveros;Andrea;L;Merlo;61;1;1;Confirmada;andreaoliveros@fibertel.com.ar;240;27-18426457-4
634;Utard;Andrea y Leonardo Fantin ;L;Merlo;61;2;2;Confirmada;andreautard@gmail.com;313;27-22860924-8
351;Cavaliari;Andrea y Leonardo Fantin ;L;Gonzalez Catán;109;1;0;Inactiva;;485;27-17482642-6
1278;Cazzola;Andres;I;Corrientes;18;1;0;Inactiva;;1526;20-14457310-3
1232;Gregg - Rotary;Andrés;L;Berazategui;11;1;0;Inactiva;andres.gregg@rotary.org,ooneto1@cponline.org.ar,ramirez.anam@gmail.com,anaetchepare@yahoo.com.ar;1356;23-00000000-0
5018;Vinelli;Andrés;L;Berazategui;11;0;1;Confirmada;vinellia@pcaobus.org;469;50-00000212-4
125;Garfunkel;Andrés;L;José C. Paz;23;2;2;Confirmada;adrimartinez@fibertel.com.ar,normagie@fibertel.com.ar;26;20-11150822-5
125;Garfunkel;Andrés;L;Monte Grande;26;1;0;Inactiva;adrimartinez@fibertel.com.ar,normagie@fibertel.com.ar;26;20-11150822-5
125;Garfunkel;Andrés;L;Merlo;61;0;1;Confirmada;adrimartinez@fibertel.com.ar,normagie@fibertel.com.ar;26;20-11150822-5
1232;Gregg - Rotary;Andrés;P;Añelo;98;1;1;Confirmada;andres.gregg@rotary.org,ooneto1@cponline.org.ar,ramirez.anam@gmail.com,anaetchepare@yahoo.com.ar;1356;23-00000000-0
5022;Cavanagh;Angel;P;Villa La Angostura;111;0;1;Confirmada;cavanagh@fibertel.com.ar;2069;33-71124202-9
576;Minini;Angel María;L;Presidente Perón;51;1;0;Inactiva;angelminini@yahoo.com.ar;382;20-04875781-3
272;Arfuch;Angela María;L;Barracas;9;1;0;Inactiva;angymoi@arnet.com.ar;363;23-05909750-4
272;Arfuch;Angela María;L;Laferrere;73;0;1;Confirmada;angymoi@arnet.com.ar;363;23-05909750-4
1080;Forchieri;Anibal;I;Tartagal;42;1;1;Confirmada;forchieri@gmail.com;1080;20-04273410-2
1080;Forchieri;Anibal;I;Trenque Lauquen;44;1;0;Inactiva;forchieri@gmail.com;1080;20-04273410-2
972;Cavalieri;Anselmo;L;Merlo;61;1;1;Confirmada;info@empreport.com.ar;868;20-04309774-2
164;Miguens;Antonia y familia;L;Beccar;10;2;2;Confirmada;arobirosa@fibertel.com.ar,mabysolyarte@hotmail.com;446;20-07657685-9
164;Miguens;Antonia y familia;L;Presidente Perón;51;2;2;Confirmada;arobirosa@fibertel.com.ar,mabysolyarte@hotmail.com;446;20-07657685-9
164;Miguens;Antonia y familia;L;Gral. Rodriguez;55;0;1;Confirmada;arobirosa@fibertel.com.ar,mabysolyarte@hotmail.com;446;20-07657685-9
164;Miguens;Antonia y familia;L;Laferrere;73;1;1;Confirmada;arobirosa@fibertel.com.ar,mabysolyarte@hotmail.com;446;20-07657685-9
164;Miguens;Antonia y familia;L;Gonzalez Catán;109;1;0;Inactiva;arobirosa@fibertel.com.ar,mabysolyarte@hotmail.com;446;20-07657685-9
164;Miguens;Antonia y familia;P;Villa La Angostura;111;0;3;Confirmada;arobirosa@fibertel.com.ar,mabysolyarte@hotmail.com;446;20-07657685-9
1149;Sanfdeliu Roca;Antonio;L;Santos Lugares;56;1;1;Estimada;asanfeliur@ypf.com;1133;20-93397543-7
766;Mazzuco Juan;Argus Diagnóstico Médico;I;Corrientes;18;1;1;Confirmada;gbraga@argusdm.com.ar, juan.mazzu@gmail.com;623;30-63046519-9
5046;Ferrari;Ariel;P;San Patricio del Chañar;85;0;1;Confirmada;ferrari_ariel@hotmail.com;;20-24820997-7
1012;Mangone;Ariel ;L;Florencio Varela;21;1;1;Confirmada;mangoneariel@hotmail.com;937;23-26742627-9
1245;Verón;Ariel ;L;Laferrere;73;1;1;Confirmada;arielveron@hotmail.com;1441;20-34236695-4
1079;Hirschbein;Ariel y Fernanda;L;Presidente Perón;51;1;1;Confirmada;ariel.hirschbein@gmail.com;1079;23-23249809-9
940;Riopedre;Armando;L;Merlo;61;1;1;Confirmada;armando.riopedre@ar.pwc.com,marcela.celano@ar.pwc.com;822;23-14018854-9
1060;Bacchiani;Augusto;L;Merlo;61;1;1;Confirmada;augusto.bacchiani@ROTORPUMP.COM,;1003;20-26493087-2
196;Romero Krause;Baltasar y Florencia Lalor;P;Añelo;98;1;1;Confirmada;baltasar.krause@gmail.com,florencialalor@yahoo.com.ar;463;23-27183028-9
1266;Sullivan / Blaquier;Belén / Jorge y María;L;José C. Paz;23;1;1;Confirmada;belen_sullivan@yahoo.com;1492;27-29247305-8
1286;Lerner;Benjamin;I;Mar del Plata;24;1;1;Confirmada;jendan@gmail.com;1546;20-04165308-7
5004;Comelli de Bossi;Carla;L;Berazategui;11;0;1;Confirmada;comelli.carla@gmail.com;624;50-00000218-3
5004;Comelli de Bossi;Carla;L;Villa Lugano;47;0;1;Confirmada;comelli.carla@gmail.com;624;50-00000218-3
5030;Mercuriali;Carlos;L;Berazategui;11;0;1;Confirmada;carlosmercuriali@hotmail.com;83;20-04407999-3
1320;Cacace;Carlos;L;José C. Paz;23;0;1;Confirmada;cacace@argenpack.com;1780;20-27479527-2
425;Rosenkrantz;Carlos;P;San Martín de los Andes;39;1;1;Confirmada;crosenkrantz@brya.com.ar,agustinacavanagh@cimientos.org;501;20-13031536-5
836;Keipert;Carlos;P;San Martín de los Andes;39;2;2;Confirmada;karinaycarlos@hotmail.com;687;20-18416453-2
735;Fernández;Carlos;L;Villa Lugano;47;1;1;Confirmada;cfernandez@estudio-fernandez.com;220;20-18414279-2
127;Gervasoni;Carlos;L;Presidente Perón;51;1;1;Confirmada;cgervaso@nd.edu;14;23-18367619-9
425;Rosenkrantz;Carlos;L;Gral. Rodriguez;55;1;1;Confirmada;crosenkrantz@brya.com.ar,agustinacavanagh@cimientos.org;501;20-13031536-5
530;Popik;Carlos;L;Gral. Rodriguez;55;0;1;Confirmada;carlospopik@arnet.com.ar;321;20-05334877-8
117;Fontán Balestra;Carlos;L;Virrey del Pino;57;1;1;Confirmada;cfontanbalestra@fbya.com;461;20-04535342-8
250;Cagnoni;Carlos;L;Laferrere;73;1;1;Confirmada;carlos_cagnoni@tgs.com.ar;117;20-08329178-9
530;Popik;Carlos;L;Gonzalez Catán;109;1;0;Inactiva;carlospopik@arnet.com.ar;321;20-05334877-8
603;Rolla ;Carlos Guillermo y Elsa María Cueto;L;Presidente Perón;51;1;1;Confirmada;rolla-amc@ciudad.com.ar;266;20-07775759-8
1243;Trobat;Carlos Hugo;L;Longchamps;54;0;1;Confirmada;hugotrobat@hotmail.com;1203;20-05094401-9
1243;Trobat;Carlos Hugo;P;Añelo;98;1;0;Inactiva;hugotrobat@hotmail.com;1203;20-05094401-9
1326;Arce / Cortés;Carlota / Ma. Carlota;L;José C. Paz;23;0;1;Confirmada;totiarce@hotmail.com;482;27-26631543-6
1299;Labovsky;Carmen;I;Corrientes;18;1;1;Confirmada;clabovsky@yahoo.com.ar;1681;23-05630928-4
1247;de Banchini;Carmen;L;Laferrere;73;1;1;Confirmada;carmencitap@fibertel.com.ar;1473;23-10650982-4
1048;Dutrey;Carola;L;Merlo;61;1;1;Confirmada;99Dutrey@iese.net;976;27-18367694-1
852;Bonsignori;Carolina;L;Florencio Varela;21;1;0;Inactiva;;724;27-27226345-6
112;Fino;Carolina;L;Quilmes;34;1;0;Inactiva;carofinoc@yahoo.com.ar;59;27-20665615-3
107;Diaz Reynolds;Cecilia;L;Beccar;10;1;1;Confirmada;cdreynolds@fibertel.com.ar;56;27-22081335-0
1249;Grotz;Cecilia;L;Laferrere;73;1;1;Confirmada;ceciliagrotz@fibertel.com.ar;1444;27-27940732-1
751;Tiscornia;César Felipe y Agustina Bulló;L;Presidente Perón;51;1;1;Confirmada;cesar@tiscornia-tiscornia.com.ar,agusbullo@hotmail.com;276;23-21484701-9
1191;Hartenstein;Christian;L;Presidente Perón;51;1;1;Confirmada;chartenstein@gmail.com,;472;20-23248107-3
1304;Albor;Christian ;L;Gral. Rodriguez;55;1;1;Confirmada;cfalbor@kleinyfranco.com;1667;20-23075024-7
1304;Albor;Christian ;L;Gonzalez Catán;109;1;0;Inactiva;cfalbor@kleinyfranco.com;1667;20-23075024-7
1097;Vázquez;Cintia;L;Villa Lugano;47;0;1;Confirmada;marycasabal@hotmail.com,lulipizarro@gmail.com;1163;27-29697379-9
1097;Vázquez;Cintia;L;Ezeiza;58;1;0;Inactiva;cin.vazquez@hotmail.com;986;27-25187925-2
1254;Rubinstein;Clara;L;Laferrere;73;1;1;Confirmada;cprubi@gmail.com;1452;27-12076990-7
1279;Ziberna;Claudia;L;José C. Paz;23;1;1;Confirmada;claudiaziberna@gmail.com;1538;23-06384770-4
1075;Puente;Claudia;L;Santos Lugares;56;1;1;Confirmada;puente@werthein.com.ar;1005;27-18649216-7
1183;Del Valle;Claudia;P;Río Gallegos;62;1;1;Confirmada;cfdelvalle@hotmail.com;1200;27-18545084-3
796;Lóizaga Alfano;Clotilde;L;Florencio Varela;21;1;1;Confirmada;seccayt2@jusbaires.gov.ar;756;27-10879277-4
142;Israele;Corina;L;Laferrere;73;1;1;Confirmada;cisraele1@fibertel.com.ar;352;27-06082903-4
5031;Miguens;Cristina;P;Villa La Angostura;111;0;10;Confirmada;cmiguens@tiendadelencuentro.com.ar,rmartinez@tiendadelencuentro.com.ar;2312;33-71107934-9
851;Serra;Daniel;L;Moreno;27;1;1;Confirmada;dserra@dridco.com;741;20-18118599-7
593;Sbarbati;Dante y Gabriela Monzon;L;Longchamps;54;1;1;Estimada;gabysbarbati@yahoo.com.ar, sbarbatidante@yahoo.com.ar;510;23-04639814-9
368;Stilerman;David E.;L;Monte Grande;26;1;1;Estimada;david.e.stilerman@accenture.com;486;23-08076290-9
368;Stilerman;David E.;L;Presidente Perón;51;1;1;Estimada;david.e.stilerman@accenture.com;486;23-08076290-9
1295;Lliados;Delia;I;Catamarca;14;1;0;Inactiva;gabrielafabro@cimientos.org;1589;27-14308453-7
1119;Nicola;Delia;I;Mendoza;52;1;1;Confirmada;gabrielafabro@cimientos.org;1181;27-04615774-0
277;Codina ;Delia y Antonio Di Maggio;L;Merlo;61;1;0;Inactiva;ande1948@hotmail.com;92;27-05789767-3
1308;Díaz;Demian;L;Florencio Varela;21;1;1;Confirmada;demiandiaz@live.com;1699;20-24428233-5
293;Moore;Diego;L;Barracas;9;1;1;Estimada;montemolino@futurnetmm.com.ar;97;20-18509464-3
1274;Campana;Diego;L;Beccar;10;1;1;Confirmada;DCAMPANA@exiros.com;1518;20-21587418-5
1292;Jordan;Diego;L;Beccar;10;1;1;Confirmada;djordan@prismainvest.com;1570;20-22432543-7
789;Beverstein;Diego;L;Florencio Varela;21;1;1;Confirmada;diegobeverstein@fibertel.com.ar;642;20-21552888-0
760;Darduin;Diego;L;Villa Lugano;47;1;1;Confirmada;diego.darduin@citigroup.com;608;20-24036792-1
1158;Viqueria;Diego;L;Ezeiza;58;1;0;Inactiva;d_viqueira@hotmail.com;1165;20-27087977-3
1190;Salmain;Diego y Bernardita;L;Merlo;61;1;0;Inactiva;bernivalente@gmail.com,dsalmain@gmail.com;1120;27-24344900-1
151;Luchessa;Diego y Carola;P;Bariloche;8;4;4;Confirmada;Diego.Luchessa@jti.com;487;20-20893297-8
151;Luchessa;Diego y Carola;I;Corrientes;18;1;1;Confirmada;Diego.Luchessa@jti.com;487;20-20893297-8
1213;Rabinovich;Diego y Florencia Fasci;L;Villa Lugano;47;0;1;Confirmada;diego2610@yahoo.com.ar, estudio@florfasci.com.ar;1122;20-22432141-5
1213;Rabinovich;Diego y Florencia Fasci;L;Ezeiza;58;1;0;Inactiva;diego2610@yahoo.com.ar, estudio@florfasci.com.ar;1122;20-22432141-5
692;Tedin;Dolores;I;Corrientes;18;1;1;Confirmada;dolote@ciudad.com.ar;203;27-03979541-3
1085;David  (Marjut s.a);Dolores;I;Chascomús;53;0;1;Confirmada;marjut@fibertel.com.ar;1084;30-67946198-9
1316;Constructora Territorial S.A.;Dolores;I;Chascomús;53;0;1;Confirmada;cterritorial@fibertel.com;1740;30-70807962-2
1316;Constructora Territorial S.A.;Dolores;P;San Patricio del Chañar;85;1;0;Inactiva;cterritorial@fibertel.com;1740;30-70807962-2
1085;David  (Marjut s.a);Dolores;L;Gonzalez Catán;109;1;0;Inactiva;marjut@fibertel.com.ar;1084;30-67946198-9
146;Kussrow;Dolores y Juan;L;Virrey del Pino;57;0;1;Confirmada;dolokuss@hotmail.com;235;27-10965161-9
146;Kussrow;Dolores y Juan;L;Villa Insuperable;96;1;1;Inactiva;dolokuss@hotmail.com;235;27-10965161-9
241;Bianchi;Edda P. de;L;Santos Lugares;56;1;0;Inactiva;edibi@fibertel.com.ar;76;27-02801710-9
5026;Gold;Edith;L;Gonzalez Catán;109;0;1;Confirmada;edithmgold@yahoo.com.ar;2164;27-22147317-0
111;Eyheremendy;Eduardo;L;Barracas;9;1;1;Confirmada;diana.tamargo@diagnosticomedico.com;441;20-04284945-7
286;Torras;Eduardo;L;Santos Lugares;56;1;1;Confirmada;eduardo.torras@shell.com;413;20-10983241-4
81;Casabal;Eduardo y Ma. Teresa;L;Ezeiza;58;1;0;Inactiva;casabal@fibertel.com.ar;7;20-04423116-7
81;Casabal;Eduardo y Ma. Teresa;L;Villa Lugano;47;0;1;Confirmada;casabal@fibertel.com.ar;7;20-04423116-7
1189;González;Eduardo y María Angélica;L;Merlo;61;1;1;Confirmada;mangelicag@fibertel.com.ar;887;30-55632001-9
633;Peruchena;Eduardo y Marisol;L;Florencio Varela;21;1;1;Confirmada;eperuchena@yahoo.com.ar,sanmartin981@hotmail.com;358;27-22128870-5
1218;Maderal ;Elba Haydee;L;Ezeiza;58;1;0;Inactiva;ehmaderal@yahoo.com.ar;1247;23-03950690-4
1083;Viano;Elba Regina;L;Presidente Perón;51;1;0;Inactiva;elbaviano04@hotmail.com;988;23-02473518-4
1224;Franke;Elena;P;Añelo;98;1;1;Confirmada;gabrielafabro@cimientos.org;1255;27-01442714-2
1051;Nachajón;Eliana;L;Florencio Varela;21;1;1;Confirmada;enachajon@gmail.com;998;27-26942808-8
858;Lenci;Elida;L;Moreno;27;1;0;Inactiva;dralenci@yahoo.com;718;27-13355031-9
858;Lenci;Elida;L;Santos Lugares;56;1;1;Estimada;dralenci@yahoo.com;718;27-13355031-9
1275;Codern;Elsa;L;Florencio Varela;21;1;1;Confirmada;elsacodern@hotmail.com;1519;27-04209021-8
1323;Goiburu;Elvira;I;Mar del Plata;24;0;1;Confirmada;e-goiburu@hotmail.com;1781;27-06676207-1
430;Balanzat;Emmanuel;L;Longchamps;54;1;1;Confirmada;balanzat@ganil.fr;150;50-00000412-7
421;Boilini;Enrique;P;San Martín de los Andes;39;3;2;Confirmada;eboilini@yjcap.com;289;092-74-0210
421;Boilini;Enrique;I;Chascomús;53;0;1;Confirmada;eboilini@yjcap.com;289;092-74-0210
209;Taratuty;Enrique;L;Virrey del Pino;57;0;1;Confirmada;henryt@ciudad.com.ar, lilianabird_@hotmail.com;445;20-07621875-8
209;Taratuty;Enrique;L;Villa Insuperable;96;1;1;Inactiva;henryt@ciudad.com.ar, lilianabird_@hotmail.com;445;20-07621875-8
5024;De Oromi;Enriqueta;P;Villa La Angostura;111;0;1;Confirmada;fliaoromi@arnet.com.ar;2173;27-16495813-8
1202;Goldschmidt ;Ernesto y Mirta Sierra;P;San Martín de los Andes;39;1;1;Confirmada;drernestog@hotmail.com;1231;20-11040337-3
311;Villar;Esteban Pedro;L;Zárate;49;1;0;Inactiva;villaresteban@yahoo.com,lolinewbery@fibertel.com.ar;250;23-17370988-9
311;Villar;Esteban Pedro;L;Virrey del Pino;57;1;0;Inactiva;villaresteban@yahoo.com,lolinewbery@fibertel.com.ar;250;23-17370988-9
1000;Grupo Eugenia Dutrey;Eugenia Dutrey y grupo;L;Virrey del Pino;57;1;1;Confirmada;ejroux@arnet.com.ar,paulabrochiero@fibertel.com.ar,pablo.ricci@iff.com;338;27-16893972-3
1312;Viglierchio;Eugenio;L;Virrey del Pino;57;1;1;Confirmada;eviglierchio@yahoo.com.ar;1711;20-17940286-7
5016;Soulas;Eugenio y Marta;L;Berazategui;11;0;1;Confirmada;soulas2006@yahoo.com.ar;377;20-04127252-0
1182;Adami de Degregorio;Eva;L;Santos Lugares;56;1;1;Confirmada;evadegregorio@fibertel.com.ar;1224;27-10428886-9
5006;Fonseca;Ezequiel;L;Berazategui;11;0;1;Confirmada;familiafonseca@arnet.com.ar;34;20-04555601-9
330;Pollitzer;Ezequiel y Sofía Chas;L;Gonzalez Catán;109;1;0;Inactiva;epollitzer@yahoo.com,;412;20-26632187-3
410;Rodriguez Simón;Fabián;L;Barracas;9;1;1;Estimada;frsimon@fundacionpericles.com.ar;786;20-12728408-4
355;Guestrín ;Fabiana;L;Gral. Rodriguez;55;0;1;Confirmada;fguestrin@gmail.com;255;27-17903017-4
355;Guestrín ;Fabiana;L;Gonzalez Catán;109;1;0;Inactiva;fguestrin@gmail.com;255;27-17903017-4
1267;Zorraquin;Fátima;L;José C. Paz;23;1;1;Confirmada;fatima@zorraquin.com.ar;1493;27-28462502-7
1172;Pérez;Fátima;P;San Martín de los Andes;39;1;1;Confirmada;fatimatp@gmail.com;1202;27-16159729-0
560;Beltrán;Faustino y Primavera;L;Longchamps;54;1;1;Confirmada;gabrielafabro@cimientos.org;507;20-04235006-1
713;Shaw;Federico;L;Berazategui;11;0;1;Confirmada;federico.shaw@credit-suisse.com;437;20-29246419-4
713;Shaw;Federico;L;Presidente Perón;51;1;2;Confirmada;federico.shaw@credit-suisse.com;437;20-29246419-4
1297;Etcheverry;Federico;L;Longchamps;54;1;1;Confirmada;fetcheverry@yahoo.com;1628;20-23329914-7
1113;Blanco ;Federico ;I;Mendoza;52;1;1;Confirmada;fblanco@omnitronic-sa.com;1118;20-05411159-3
324;Pelissie de Raus/ Silva;Federico / Francisco;L;Laferrere;73;0;1;Confirmada;fprausas@gmail.com,fso@bsoabogados.com.ar,vbe@pagbam.com.ar;103;23-27668396-9
324;Pelissie de Raus/ Silva;Federico / Francisco;L;Gonzalez Catán;109;1;0;Inactiva;fprausas@gmail.com,fso@bsoabogados.com.ar,vbe@pagbam.com.ar;103;23-27668396-9
1133;Hatzenbühler / Briano;Federico / Tristán;L;Presidente Perón;51;1;1;Confirmada;fhatzen@gmail.com;1124;20-22645036-0
285;Quintana Guillén;Federico y María;L;Merlo;61;1;1;Confirmada;mg@universoescolar.com.ar, faquintana@daccord.com.ar;95;20-23125892-3
761;Procaccini;Federico y Pía Zorraquín de;I;Trenque Lauquen;44;1;1;Confirmada;piazorraquin@hotmail.com;609;23-26583751-4
289;Laplacette;Felicitas;L;Berazategui;11;0;1;Confirmada;felicitaslaplacette@gmail.com;513;20-04736788-4
289;Laplacette;Felicitas;L;Virrey del Pino;57;1;1;Confirmada;felicitaslaplacette@gmail.com;513;20-04736788-4
850;Areal;Fernando;L;Florencio Varela;21;1;1;Estimada;gabrielafabro@cimientos.org;692;20-08124363-9
1110;Bach;Fernando;L;Florencio Varela;21;1;1;Confirmada;fernandobach@hotmail.com;1136;23-20178602-9
1277;Rubino;Fernando;L;Florencio Varela;21;1;1;Confirmada;fer@paradise.ag;1522;27-29392330-8
586;De Castro;Fernando;L;Pacheco;30;2;2;Confirmada;frdecastro@yahoo.com.ar;376;23-17142554-9
1231;Correa Urquiza;Fernando;L;Pacheco;30;1;1;Confirmada;fernando.correaurquiza@ldcommodities.com,agsdesign@fibertel.com.ar;1344;20-28800549-5
850;Areal;Fernando;I;Santiago del Estero;41;1;1;Estimada;gabrielafabro@cimientos.org;692;20-08124363-9
5039;Russo;Fernando;L;Villa Soldati;48;0;1;Confirmada;russofernando@yahoo.com.ar;2172;20-25999972-4
729;Lo Tártaro;Fernando;L;Presidente Perón;51;1;0;Inactiva;fernando@interfruit.com.ar,guadalupe@interfruit.com.ar;326;20-21953999-2
850;Areal;Fernando;I;Mendoza;52;1;1;Estimada;gabrielafabro@cimientos.org;692;20-08124363-9
850;Areal;Fernando;L;Laferrere;73;1;1;Estimada;gabrielafabro@cimientos.org;692;20-08124363-9
616;Mantilla;Fernando Jorge;L;Berazategui;11;0;1;Confirmada;baifem@techint.net;168;20-23469555-0
616;Mantilla;Fernando Jorge;L;Florencio Varela;21;1;1;Confirmada;baifem@techint.net;168;20-23469555-0
339;Fonseca;Fernando y Patricia;L;Virrey del Pino;57;2;2;Estimada;casafonseca@hotmail.com,patricia_pdf@hotmail.com;366;20-16304662-9
705;Monzón;Florencia;L;Pacheco;30;1;0;Inactiva;flomonzon@yahoo.com.ar;424;27-01327474-1
846;Maffezini;Florencia y Ma. Laura  Romanelli;L;Florencio Varela;21;1;1;Estimada;flormaffezini@yahoo.es, maria.l.romanelli@accenture.com;671;27-28325399-1
658;Cahn;Francis y Peggy;L;Villa Lugano;47;3;3;Confirmada;fcahn@fibertel.com.ar;829;99-99999999-9
1233;Correa Urquiza;Francisco;L;Pacheco;30;1;1;Confirmada;panchito_cu@hotmail.com;1345;20-27011069-0
1251;Lascano;Francisco;I;Mendoza;52;1;1;Confirmada;franciscolascano@hotmail.com;1478;20-26557109-4
1132;Gutierrez Arrechea;Francisco;L;Santos Lugares;56;1;1;Confirmada;fj.gutierrez@nh-hotels.com;1166;20-22656372-6
5028;Kocourek;Francisco;P;Villa La Angostura;111;0;1;Confirmada;fpk@kocourek.com.ar;2168;20-04740946-3
294;Agote;Francisco y Susana;L;Gral. Rodriguez;55;1;0;Inactiva;;100;20-20430573-1
1044;Verdoia;Franco;I;Villa Mercedes;80;1;1;Confirmada;franco@scpfilms.com;960;20-25810127-9
385;Cameo;Fredy y Mónica;L;Beccar;10;1;1;Confirmada;brlab@fibertel.com.ar;131;23-15217482-9
1137;Matelo;Gabriel;L;Quilmes;34;2;2;Confirmada;matego@ciudad.com.ar;1141;20-13423378-9
958;Gotlib;Gabriel y Mariela;L;Florencio Varela;21;1;1;Confirmada;GG@marval.com.ar, ruggieri33@yahoo.com.ar,;848;20-20281711-5
958;Gotlib;Gabriel y Mariela;L;Gral. Rodriguez;55;3;3;Confirmada;GG@marval.com.ar, ruggieri33@yahoo.com.ar,;848;20-20281711-5
958;Gotlib;Gabriel y Mariela;L;Virrey del Pino;57;1;1;Confirmada;GG@marval.com.ar, ruggieri33@yahoo.com.ar,;848;20-20281711-5
958;Gotlib;Gabriel y Mariela;L;Villa Insuperable;96;3;3;Confirmada;GG@marval.com.ar, ruggieri33@yahoo.com.ar,;848;20-20281711-5
160;Micheletti;Gabriel y Marilé;L;Longchamps;54;1;1;Confirmada;gmm@fibertel.com.ar;11;20-13684264-2
160;Micheletti;Gabriel y Marilé;L;Valentín Alsina;84;1;0;Inactiva;gmm@fibertel.com.ar;11;20-13684264-2
1321;Romero;Gabriela;I;Mar del Plata;24;0;1;Confirmada;gabrielamaromero@yahoo.com.ar;1779;27-21138936-8
1134;Imbrosiano;Gabriela Elsa;L;Santos Lugares;56;1;1;Confirmada;gaby.imbro@fibertel.com.ar;1171;27-16823417-7
829;Tano;Gabriela Jorgelina;L;Florencio Varela;21;1;1;Confirmada;audisio_tano@yahoo.com.ar;707;27-21696125-6
5013;Pisani;Gabriela Natalia ;L;Presidente Perón;51;0;1;Confirmada;gabrielapisani@gmail.com;656;27-28640623-3
335;Bagnardi;Gerardo (Josefina es la hija);L;Berazategui;11;0;3;Confirmada;gfbagnardi@bagcia.sba.com.ar, jbagnardi@bagcia.sba.com.ar;295;20-07629059-9
335;Bagnardi;Gerardo (Josefina es la hija);L;Gral. Rodriguez;55;1;1;Confirmada;gfbagnardi@bagcia.sba.com.ar, jbagnardi@bagcia.sba.com.ar;295;20-07629059-9
335;Bagnardi;Gerardo (Josefina es la hija);L;Laferrere;73;1;1;Confirmada;gfbagnardi@bagcia.sba.com.ar, jbagnardi@bagcia.sba.com.ar;295;20-07629059-9
1250;Morixe;Germán;L;Pacheco;30;1;1;Confirmada;gmorixe@fibertel.com.ar;1443;20-23903592-3
5027;Jannuzzi;Giovanni;P;Villa La Angostura;111;0;1;Confirmada;sur@netpatagon.com;2169;55-55555555-5
5020;Cáceres;Graciela María;I;Mendoza;52;0;1;Confirmada;gra_caceres@yahoo.com.ar;2249;27-21122313-3
974;Fernández;Graciela y Julio;L;Florencio Varela;21;1;1;Confirmada;graciela.fernandez@fibertel.com.ar;861;20-10425761-6
1253;Rosenchtejer;Gregorio;L;José C. Paz;23;1;1;Confirmada;zaro013@yahoo.com.ar;1481;20-16557055-4
5005;Del Bosco;Guillermo;L;Berazategui;11;0;1;Confirmada;17gjdb@gmail.com;460;20-04295373-4
1181;Schulte;Guillermo;P;San Martín de los Andes;39;1;1;Confirmada;guillermoschulte@hotmail.com;1225;23-28750840-9
1252;Cascaron;Guillermo;L;Santos Lugares;56;1;1;Confirmada;nancymusumano@speedy.com.ar;1474;27-18381424-4
835;Safe;Gustavo;L;Florencio Varela;21;1;1;Confirmada;ana2turco@hotmail.com,gustavo-safe@hotmail.com;684;20-22128730-5
978;Canonero;Gustavo;L;Zárate;49;1;1;Confirmada;gustavo.canonero@db.com;870;23-16765450-9
1289;Barrios;Gustavo;L;Presidente Perón;51;1;1;Confirmada;gbarrios104@gmail.com;1561;20-11802386-3
5029;Ledesma;Gustavo;I;Mendoza;52;0;1;Confirmada;guslede@yahoo.com.ar;2250;20-21669515-2
978;Canonero;Gustavo;L;Gral. Rodriguez;55;1;2;Confirmada;gustavo.canonero@db.com;870;23-16765450-9
367;Ranovsky;Gustavo;L;Santos Lugares;56;1;1;Confirmada;gr445@hotmail.com;153;20-13654371-8
978;Canonero;Gustavo;L;Ezeiza;58;1;0;Inactiva;gustavo.canonero@db.com;870;23-16765450-9
5043;Carressane;Gustavo;I;Sin zona;33333;0;1;Confirmada;gcc-28@hotmail.com;;20-21819170-4
649;Galliano;Gustavo ;L;Santos Lugares;56;1;1;Confirmada;ggallianon@ypf.com;182;20-11350260-7
1050;Lugo;Gustavo Adolfo;I;Villa Mercedes;80;1;1;Confirmada;gustavolugo640@hotmail.com;966;20-10608313-5
5041;Neumann;Hallie;L;Villa Lugano;47;0;1;Confirmada;halliene@gmail.com;2315;27-16976010-7
415;Mairal;Héctor;P;San Martín de los Andes;39;1;1;Confirmada;norab@marval.com.ar;142;20-05617347-2
135;Gotta;Héctor César;L;Zárate;49;1;1;Confirmada;gottacesar@aol.com;479;20-04186131-3
1029;Puscama;Héctor Esteban;L;Merlo;61;1;1;Confirmada;puscama@gmail.com;945;20-31703067-4
706;D'Amico;Héctor Horacio;L;Merlo;61;1;1;Confirmada;hdamico@lanacion.com.ar,ELlorente@lanacion.com.ar;43;23-07668404-9
1185;Varela;Helga;L;Florencio Varela;21;1;1;Confirmada;helganvarela@speedy.com.ar;1219;27-05921304-6
352;Daga;Hernán;I;Tartagal;42;1;0;Inactiva;dagahernan@hotmail.com;415;20-24975128-7
738;Reynal;Hernán;L;Villa Lugano;47;1;1;Confirmada;hreynals@hotmail.com;218;20-24872888-5
143;Kazah;Hernán;L;Longchamps;54;1;1;Confirmada;hernan@mercadolibre.com;41;23-21850737-9
395;Marotta;Hernán;L;Gonzalez Catán;109;1;1;Confirmada;hmarotta@hmarotta.com.ar;493;30-65298062-3
187;Pollet;Herve;L;Longchamps;54;1;1;Confirmada;herve.pollet@adecco.com.ar;33;20-60265850-4
307;Milberg;Horacio y Dimity;L;Monte Grande;26;0;1;Confirmada;hmilberg@mountmill.com;301;20-04556975-7
307;Milberg;Horacio y Dimity;L;Gonzalez Catán;109;1;0;Inactiva;hmilberg@mountmill.com;301;20-04556975-7
427;Méndez;Ignacio;L;Beccar;10;1;1;Confirmada;ignaciofmendez@gmail.com;420;20-28233948-0
1135;Lynch;Ignacio;L;Florencio Varela;21;1;1;Confirmada;nacholynchgaray@gmail.com;1134;20-32677948-3
608;Sola;Inés;L;Presidente Perón;51;1;1;Confirmada;sola_ines@yahoo.com.ar;169;27-14387031-1
238;Videla;Inés ;I;Concordia;16;0;1;Confirmada;inevidela@hotmail.com;476;27-10141890-7
238;Videla;Inés ;L;Monte Grande;26;1;0;Inactiva;inevidela@hotmail.com;476;27-10141890-7
1273;Nicastro;Isabel;I;Concordia;16;1;1;Confirmada;lisanicastro@yahoo.com.ar;1515;27-26620682-3
898;Péres;Isabel;L;Florencio Varela;21;1;1;Confirmada;iperes9@hotmail.com;759;27-92795826-6
213;Usandivaras;Isabel;L;Virrey del Pino;57;1;1;Confirmada;isabelremy@fibertel.com.ar;449;30-65257119-7
406;Carissimi;Isabella y Giampiero;P;San Martín de los Andes;39;5;1;Confirmada;isacarissimi@hotmail.com;1694;27-12164378-8
406;Carissimi;Isabella y Giampiero;I;Chascomús;53;0;4;Confirmada;isacarissimi@hotmail.com;1694;27-12164378-8
1073;Cibils Robirosa;Jaime;L;Villa Lugano;47;1;1;Confirmada;jcibils@crcc.com.ar;1016;20-14014259-0
79;Bustinza;Javier;L;Barracas;9;1;0;Inactiva;jbustinza@spmanagement.com.ar;19;20-20009546-5
76;Bolzico;Javier;L;Berazategui;11;0;1;Confirmada;jbolzico@fitproper.com;44;20-20274058-9
936;Sequeiros;Javier;L;Florencio Varela;21;1;1;Confirmada;maine@cponline.org.ar;813;20-04165626-4
89;Alonso Hidalgo;Javier;L;Quilmes;34;1;1;Confirmada;alonsoh@fibertel.com.ar;66;20-04991991-4
79;Bustinza;Javier;L;Longchamps;54;1;1;Confirmada;jbustinza@spmanagement.com.ar;19;20-20009546-5
79;Bustinza;Javier;L;Virrey del Pino;57;1;1;Confirmada;jbustinza@spmanagement.com.ar;19;20-20009546-5
314;Pereira Amigo;Javier;L;Virrey del Pino;57;1;0;Inactiva;javier.pereira-amigo@bakernet.com.ar;112;27-16106003-3
76;Bolzico;Javier;L;Merlo;61;1;1;Confirmada;jbolzico@fitproper.com,info@fitproper.com;44;20-20274058-9
1262;Herrou;Javier;L;Laferrere;73;1;1;Confirmada;jherrou@santanderrio.com.ar;1357;23-27745946-9
1261;Albertela;Jeremías;L;José C. Paz;23;1;1;Confirmada;jeremias.albertela@hotmail.com;1358;20-31575138-2
179;Otamendi;Jorge;L;Berazategui;11;0;4;Confirmada;joo@gbreuer.com.ar;40;20-04991919-1
369;Caviglia;Jorge;I;Concordia;16;0;1;Confirmada;jaecaviglia@arnet.com.ar;325;23-17277551-9
179;Otamendi;Jorge;L;José C. Paz;23;1;1;Confirmada;joo@gbreuer.com.ar;40;20-04991919-1
369;Caviglia;Jorge;L;Monte Grande;26;1;0;Inactiva;jaecaviglia@arnet.com.ar;325;23-17277551-9
606;Gaudelli;Jorge;L;Presidente Perón;51;1;1;Confirmada;jgaudelli@mazzeo-gaudelli.com.ar;165;20-13699442-6
1077;Alonso;Jorge;L;Presidente Perón;51;1;1;Confirmada;jorge@globaltec.com.ar;1046;20-22110116-3
191;Ribas;Jorge;L;Gral. Rodriguez;55;1;1;Confirmada;ribas@miebach.com,jaribas@gmail.com;47;20-22053602-1
997;Montero;Jorge Carlos;I;Jujuy ;64;1;1;Confirmada;jorgecrmontero@yahoo.com.ar;889;20-11815543-3
1007;Pérsico;Jorge Osvaldo y Enrique;L;Florencio Varela;21;1;1;Confirmada;jojugama@hotmail.com,juli_persico@hotmail.com;938;20-10923306-5
1305;Mele;José;L;Florencio Varela;21;1;2;Confirmada;rjmt@fibertel.com.ar;1690;20-10305547-5
1281;Radic;José;P;San Martín de los Andes;39;2;1;Confirmada;clubdeleones@smandes.com.ar;1540;99-99999999-9
1070;Pagés;José;L;Virrey del Pino;57;1;1;Confirmada;joselp@gruposoluciones.com.ar;1012;20-92195911-8
903;Llera;José Alberto;L;Virrey del Pino;57;1;1;Confirmada;alberto.llera@gmail.com;757;20-09428529-2
1322;Sánchez;José Alfredo;L;José C. Paz;23;0;1;Confirmada;jsanchez@mba-lazard.com;1774;20-11986083-1
872;Debarnot;José María;L;Florencio Varela;21;1;1;Confirmada;josemed55@hotmail.com;716;20-11837703-7
781;Chaufán;José Moisés;L;Presidente Perón;51;0;1;Confirmada;jmchaufan@hotmail.com;635;23-04471415-9
781;Chaufán;José Moisés;L;Gonzalez Catán;109;1;0;Inactiva;jmchaufan@hotmail.com;635;23-04471415-9
945;De la Serna;Josefina;L;Merlo;61;1;0;Inactiva;jezcurra12@fibertel.com.ar;832;23-00034290-4
945;De la Serna;Josefina;L;Villa Insuperable;96;1;0;Inactiva;jezcurra12@fibertel.com.ar;832;23-00034290-4
601;Giudice;Juan;L;Presidente Perón;51;1;1;Confirmada;juangiudice@abryon.com.ar;422;20-25084254-7
306;Ismirlian;Juan Carlos;L;Zárate;49;1;1;Confirmada;jismirlian@penafreytes.com.ar;99;23-10777736-9
183;Peña;Juan Carlos ;L;Laferrere;73;1;1;Confirmada;jpena@penafreytes.com.ar;304;20-04402219-3
5007;Healy;Juan Francisco;L;Berazategui;11;0;1;Confirmada;juanhealy@fibertel.com.ar;475;23-21156002-9
166;Mihanovich;Juan Francisco;L;Merlo;61;1;1;Confirmada;juan.mihanovich@impsa.com;462;23-26933030-9
736;González;Juan José;L;José C. Paz;23;1;1;Confirmada;jjgonza@arnet.com.ar;400;20-04423997-4
1171;Cervetto;Juan Luis;L;Florencio Varela;21;1;1;Confirmada;Gian_Luigi_Cer@arnet.com.ar;1198;20-10923914-4
414;Rojas;Juan Manuel;L;Beccar;10;1;1;Confirmada;juanmanuel_rojas@yahoo.com;141;20-60319789-6
976;Quintana;Juan Manuel;L;Zárate;49;0;1;Confirmada;j.quintana@ezabog.com.ar;866;20-18161887-7
1088;Sala;Juan Manuel;L;Presidente Perón;51;1;1;Confirmada;jms24@live.com.ar;1086;20-30655168-0
976;Quintana;Juan Manuel;L;Gonzalez Catán;109;1;0;Inactiva;j.quintana@ezabog.com.ar;866;20-18161887-7
1287;Miro;Juan Pablo;P;Comodoro Rivadavia;15;1;1;Confirmada;jpmiro@nuevosur.com.ar;1559;20-23635600-1
681;Casabal;Juan Pablo;L;Virrey del Pino;57;1;1;Estimada;cacha20@hotmail.com;438;20-27681002-3
1236;Andreoli ;Juan y Gabriela;L;José C. Paz;23;2;1;Confirmada;gscheminet@hotmail.com, dincoa1@yahoo.com.ar;1351;27-12709692-4
1236;Andreoli ;Juan y Gabriela;L;Laferrere;73;2;2;Confirmada;gscheminet@hotmail.com, dincoa1@yahoo.com.ar;1351;27-12709692-4
5035;Pazo;Juan y Josefina;P;Villa La Angostura;111;0;1;Confirmada;juanp@rapsodia.com.ar;;55-55555555-4
983;Darthés;Juan y María;I;Santiago del Estero;41;1;1;Confirmada;juandarthes@arnet.com.ar;877;20-92283996-5
347;Novaro Hueyo;Julián;L;Zárate;49;0;1;Confirmada;jnh@novarohueyo.com.ar;370;20-10929620-2
347;Novaro Hueyo;Julián;L;Gonzalez Catán;109;1;0;Inactiva;jnh@novarohueyo.com.ar;370;20-10929620-2
5001;Bestani;Julio;L;Berazategui;11;0;1;Confirmada;jb@agrifirma.com;1293;20-22414134-4
329;Rodríguez;Julio Fabián;L;Gonzalez Catán;109;1;1;Estimada;gucciro@fullzero.com.ar;106;20-20442622-9
5019;Allen;Karina;L;Gonzalez Catán;109;0;1;Confirmada;kallen@kapelusz.com.ar;72;27-22840916-8
1237;Campbell;Kathleen y Richard;P;Añelo;98;1;1;Confirmada;gabrielafabro@cimientos.org;1348;054-74-4039
5014;Prevett;Keith y Marta;L;Berazategui;11;0;1;Confirmada;keith_prevett@hotmail.com, martacomo@gmail.com;1013;27-11675383-4
226;Asseo de Choch;Kitty;L;Virrey del Pino;57;1;0;Inactiva;kittyd@fibertel.com.ar;354;23-00000000-0
555;Berti;Laura;L;Berazategui;11;0;1;Confirmada;lberti@bertilaura.com.ar;504;27-05198309-8
1127;Garate;Laura;I;Mar del Plata;24;1;0;Inactiva;;1167;27-17282740-9
555;Berti;Laura;P;San Martín de los Andes;39;1;0;Inactiva;lberti@bertilaura.com.ar;504;27-05198309-8
555;Berti;Laura;I;Chascomús;53;0;1;Confirmada;lberti@bertilaura.com.ar;504;27-05198309-8
1205;Fernandez;Laura Isabel;I;Concordia;16;1;0;Inactiva;;1232;27-20619627-6
169;Molteni de Procaccini;Lilia;L;Florencio Varela;21;1;1;Confirmada;lmolteni@arnet.com.ar;8;23-05983444-4
841;Meaglia;Liliana;L;Florencio Varela;21;1;0;Inactiva;lilianameaglia@ciudad.com.ar;669;27-10383224-7
343;Parodi;Liliana;L;Villa Soldati;48;0;1;Confirmada;liliparodi@fibertel.com.ar,lparodi@america2.com.ar;993;27-11198074-3
1089;Lima;Liliana;I;Villa Mercedes;80;1;1;Confirmada;lilianalima@hotmail.com, llima@jusbaires.gov.ar;1090;27-12093899-7
343;Parodi;Liliana;L;Gonzalez Catán;109;1;0;Inactiva;liliparodi@fibertel.com.ar,lparodi@america2.com.ar;993;27-11198074-3
866;Chávez;Liliana del Carmen;I;Jujuy ;64;1;1;Confirmada;liliana_chavez15@yahoo.com.ar;693;27-12079999-7
270;Ortolani;Lorena;L;Laferrere;73;1;1;Confirmada;lorenaortolani@hotmail.com;90;27-22717208-3
1217;Virasoro;Loreta;L;Gral. Rodriguez;55;1;1;Confirmada;loretaclara@gmail.com;1250;27-04998431-1
1217;Virasoro;Loreta;L;Gonzalez Catán;109;1;0;Inactiva;loretaclara@gmail.com;1250;27-04998431-1
1117;Chicco Ruiz ;Lourdes y Marcos Varas;I;Santiago del Estero;41;2;2;Confirmada;luli_chicco@hotmail.com,marcos@droguerialibertad.com.ar;1142;27-28125032-4
180;Ottavioli;Luc;L;Zárate;49;1;1;Confirmada;luc.ottavioli@pierre-fabre.com;20;20-93851816-6
5025;Escalante de Roviralta;Lucía;P;Villa La Angostura;111;0;1;Confirmada;lroviralta@fibertel.com.ar;2167;27-02945802-8
279;Pirolo;Lucila y Esteban Chiappe;L;José C. Paz;23;2;2;Confirmada;lucilapirolo@yahoo.com.ar,esteban.chiappe@jpmorgan.com;299;50-00000212-4
279;Pirolo;Lucila y Esteban Chiappe;L;Santos Lugares;56;1;1;Confirmada;lucilapirolo@yahoo.com.ar,esteban.chiappe@jpmorgan.com;299;50-00000212-4
931;Bameule;Luis;L;Villa Soldati;48;1;1;Confirmada;dansey@fisanluis.com.ar,danseyc@quickfood.com.ar,lbameule.mba2001@london.edu,;810;20-07374831-4
1291;Brunelli;Luis;L;Longchamps;54;1;1;Confirmada;lbrunelli@prismainvest.com;1568;20-14222377-6
1041;Subizar;Luis;L;Merlo;61;1;0;Inactiva;lsubizar@fibertel.com.ar;951;20-20620487-8
856;Barbería;Luis Alberto;L;Florencio Varela;21;1;1;Confirmada;correo@lasnazarenas.com.ar;690;20-93264685-5
287;Pérez;Luis Antonio;L;Santos Lugares;56;1;1;Confirmada;nave3@andreani.com.ar;411;20-12094496-8
188;Ponferrada;Luis y Emalice;L;Merlo;61;1;1;Confirmada;luisponfe@arnet.com.ar,lponfe@gmail.com;448;20-04177944-7
422;Cavanagh;Luis y Tina;P;San Martín de los Andes;39;1;1;Confirmada;tinacavanagh@fibertel.com.ar;147;20-04280552-2
422;Cavanagh;Luis y Tina;P;Villa La Angostura;111;0;1;Confirmada;tinacavanagh@fibertel.com.ar;147;20-04280552-2
1090;Guerrini;M.Gabriela;L;Merlo;61;1;1;Confirmada;mgguerrini@gmail.com;1089;27-14315839-5
255;Moreno de Portillo;Ma. Adela;L;Villa Lugano;47;1;0;Inactiva;jojoma4@hotmail.com;251;27-03179278-4
888;González;Ma. Cristina;L;Florencio Varela;21;1;1;Confirmada;maricrist222@hotmail.com;712;27-05866951-8
845;Marcenaro;Ma. Cristina;L;Merlo;61;1;0;Inactiva;kukymar51@yahoo.com.ar;670;27-10237591-8
283;Raimondi de Martignone;Ma. Inés ;L;Villa Soldati;48;1;1;Confirmada;tikynes@fibertel.com.ar;478;27-06069355-8
283;Raimondi de Martignone;Ma. Inés ;L;Longchamps;54;1;0;Inactiva;tikynes@fibertel.com.ar;478;27-06069355-8
283;Raimondi de Martignone;Ma. Inés ;L;Valentín Alsina;84;1;0;Inactiva;tikynes@fibertel.com.ar;478;27-06069355-8
737;Massot;Ma. José y Alejandro;L;Villa Soldati;48;0;1;Confirmada;mjmassot@fibertel.com.ar;219;20-11266911-7
737;Massot;Ma. José y Alejandro;L;Villa Lugano;47;1;1;Inactiva;mjmassot@fibertel.com.ar;219;20-11266911-7
857;Campo;Ma. Laura;L;Florencio Varela;21;1;1;Confirmada;maria_laura_campo@yahoo.com.ar;703;27-22547054-0
1021;Rossini Aguilera ;Ma. Laura y Luis Travecedo;L;Barracas;9;1;0;Inactiva;laura_rossini@yahoo.es;961;27-53938586-6
1021;Rossini Aguilera ;Ma. Laura y Luis Travecedo;L;Florencio Varela;21;1;1;Confirmada;laura_rossini@yahoo.es;961;27-53938586-6
1021;Rossini Aguilera ;Ma. Laura y Luis Travecedo;L;Longchamps;54;1;1;Confirmada;laura_rossini@yahoo.es;961;27-53938586-6
259;Llosa;Ma. Marta;L;Florencio Varela;21;1;1;Estimada;llosamm@gmail.com;88;27-12076392-5
1210;Fourcade;Ma. Marta Bosch de;L;Santos Lugares;56;1;1;Confirmada;mmfourca@yahoo.com.ar;314;27-04796003-2
900;Ávila;Ma. Teresa;L;Virrey del Pino;57;1;0;Inactiva;maria.avila6@speedy.com.ar;783;27-12087986-9
650;Vázquez;Mabel Adela;L;Santos Lugares;56;1;1;Confirmada;mabelvazquez@gmail.com;186;27-06439371-0
1228;Nuñez;Macarena;L;Longchamps;54;1;1;Estimada;macarenanu@hotmail.com;1271;27-28953259-0
129;Giuria;Magdalena;L;Monte Grande;26;1;1;Confirmada;giuria@adinet.com.uy;467;20-04264343-3
1226;Rodriguez ;Manuel Javier;L;Longchamps;54;1;1;Confirmada;rodriguezmj68@hotmail.com;1256;23-20254612-9
917;Beverstein;Marcela;L;Presidente Perón;51;1;1;Confirmada;marcelabeverstein@hotmail.com;754;27-22709097-4
1147;Rorig;Marcela;L;Longchamps;54;1;0;Inactiva;mrorig@hotmail.com;1187;23-23610273-4
1269;Gimenez;Marcela;L;Santos Lugares;56;1;1;Confirmada;gimenezmarcela@yahoo.com.ar;1486;27-30877792-3
994;Sanchez Zinny;Marcela y Fernando ;L;Villa de Mayo;74;10;10;Estimada;szcons@fibertel.com.ar;1576;20-10133725-2
600;Cossentino;Marcelo;L;Presidente Perón;51;1;1;Confirmada;mcossentino@fibertel.com.ar;161;20-16766234-0
759;Campos;Marcelo J.;L;José C. Paz;23;1;1;Confirmada;marcelocampos@fibertel.com.ar;607;23-08255512-9
175;Oliva;Marcia Beatriz;L;Beccar;10;1;1;Confirmada;marciaoliva61@gmail.com;450;27-14614438-7
607;Gastaldi;Marcos;L;Presidente Perón;51;1;1;Confirmada;marcos.gastaldi@globant.com;167;20-11938901-2
113;Nores;Marcos y Laura Fiorito;L;Barracas;9;1;0;Inactiva;marnores@yahoo.com, laura_fiorito@yahoo.com;55;20-17365091-1
113;Nores;Marcos y Laura Fiorito;L;Berazategui;11;0;2;Confirmada;marnores@yahoo.com, laura_fiorito@yahoo.com;55;20-17365091-1
113;Nores;Marcos y Laura Fiorito;L;Longchamps;54;1;1;Confirmada;marnores@yahoo.com, laura_fiorito@yahoo.com;55;20-17365091-1
373;Hirsch;Marcos y Marina;L;Gonzalez Catán;109;1;1;Confirmada;mhirschg@repsolypf.com;373;27-25020711-0
1166;Rodriguez Vivanco;Margarita;L;Pacheco;30;1;1;Confirmada;mrodriguezvivanco@yahoo.com.ar;1212;27-10948004-0
975;De Feo;Margarita;L;Zárate;49;1;1;Confirmada;makidefeo@hotmail.com;860;27-92044866-1
1324;Miró Quesada;María;P;San Martín de los Andes;39;0;1;Confirmada;makimq@gmail.com;1762;27-94086556-0
412;Sánchez Laso;María;L;Gral. Rodriguez;55;1;1;Confirmada;maria@sanchezlaso.com.ar;498;27-13522338-2
1146;Roldán;María;L;Ezeiza;58;1;0;Inactiva;maria.roldan@osde.com.ar;1121;27-27183054-3
5021;Campos Malbrán de Cavanagh;María;P;Villa La Angostura;111;0;1;Confirmada;camposmalbran@gmail.com;2068;30-71139586-1
959;Benard;María ;L;Florencio Varela;21;1;1;Confirmada;benardmaria@hotmail.com,mariabenard@yahoo.com;850;27-28421492-2
578;Fontenla;María Alejandra;L;Santos Lugares;56;1;1;Confirmada;marialefontenla@hotmail.com;378;27-21815049-2
147;Lanari;María Cecilia;L;Pilar;33;1;1;Confirmada;clanari@cidca.org.ar;50;50-00000499-2
611;Cascabello;María Cecilia;L;Presidente Perón;51;1;1;Confirmada;cecilia.cascabelo@ar.bureauveritas.com,mariacecilia74@yahoo.com.ar;179;27-24127934-6
381;Villegas;María Cristina;L;Beccar;10;1;1;Confirmada;cristinavillegas@fibertel.com.ar,ramavillegas@hotmail.com;130;27-10463252-7
5003;Colomic;María Cristina;L;Berazategui;11;0;1;Confirmada;mccolomic@gmail.com;426;23-10134198-4
371;Rumi;María Cristina;I;Tartagal;42;1;1;Confirmada;cruba@cseca.com.ar;260;23-10203052-4
1163;Ravagnan de Bernasconi;María Delia;L;José C. Paz;23;1;1;Confirmada;scraffaelli@gmail.com;499;27-10163767-6
5032;Millan;María Eugenia;I;Concordia;16;0;1;Confirmada;millanm@mapfre.com.ar;2311;27-26673816-7
5044;Uguet;María Fernanda;L;Sin zona;33333;0;1;Confirmada;marife_u@yahoo.com.ar;;27-18161751-4
197;Rossini;María Florencia;L;Florencio Varela;21;1;1;Confirmada;frossini@fitproper.com;455;27-24500156-3
197;Rossini;María Florencia;L;Gral. Rodriguez;55;1;1;Confirmada;frossini@fitproper.com;455;27-24500156-3
197;Rossini;María Florencia;L;Santos Lugares;56;1;0;Inactiva;frossini@fitproper.com;455;27-24500156-3
565;Insua y Freixas;María Inés y Gustavo;L;Presidente Perón;51;1;1;Confirmada;manefrei@yahoo.com.ar;264;27-04078417-4
364;Giner;María Isabel;L;Monte Grande;26;1;1;Confirmada;marisa_giner@yahoo.com.ar;414;27-04751321-4
1310;Soutelo;María Jimena;I;Catamarca;14;1;1;Confirmada;jimesoutelo@arnet.com.ar;1703;27-21094946-7
1310;Soutelo;María Jimena;P;San Patricio del Chañar;85;1;0;Inactiva;jimesoutelo@arnet.com.ar;1703;27-21094946-7
190;Rawson;María José;L;José C. Paz;23;1;1;Confirmada;majorawson@hotmail.com;67;23-21644023-4
190;Rawson;María José;P;San Martín de los Andes;39;1;1;Confirmada;majorawson@hotmail.com;67;23-21644023-4
1230;Dorselle de Scala;Maria Julia;L;Merlo;61;1;0;Inactiva;gabrielafabro@cimientos.org;1287;27-03002850-9
326;Tramutola;María Julia y Pablo de Pellegrin;L;Presidente Perón;51;0;1;Confirmada;mtramutola@speedy.com.ar;104;20-18445245-7
326;Tramutola;María Julia y Pablo de Pellegrin;L;Gonzalez Catán;109;1;0;Inactiva;mtramutola@speedy.com.ar;104;20-18445245-7
149;Locatelli;María Laura;L;Laferrere;73;1;1;Confirmada;locatellim@hotmail.com;436;27-20252734-1
5042;Stabile;María Leonor;I;Sin zona;33333;0;1;Confirmada;leonorstabile@yahoo.com.ar;;27-06290106-9
5033;Ortiz Basualdo;María Matilde;P;Villa La Angostura;111;0;1;Confirmada;matildeob@yahoo.com.ar;2170;27-03166078-0
420;Rawson;María Mercedes;P;San Martín de los Andes;39;1;1;Confirmada;tanturawson@hotmail.com;146;27-22109933-3
1123;Fernandez;Maria Paula;L;Zárate;49;1;1;Confirmada;mpaufernandez@gmail.com;1716;27-21763329-5
1165;Beortegui;María Rita;L;Villa Soldati;48;0;1;Confirmada;ribeortegui@fibertel.com.ar;1210;27-22878176-8
1165;Beortegui;María Rita;L;Villa Lugano;47;1;1;Inactiva;ribeortegui@fibertel.com.ar;1210;27-22878176-8
1222;Corbi;Maria Teresa;L;Pacheco;30;1;0;Inactiva;;1252;23-11773521-4
133;González de Fiorito;María Teresa;L;Virrey del Pino;57;1;1;Confirmada;gabrielafabro@cimientos.org;58;27-14199596-6
407;Casabal;Maria y Lourdes Pizarro;L;Ezeiza;58;1;1;Confirmada;marycasabal@hotmail.com,lulipizarro@gmail.com;1163;27-29697379-9
5011;Moore;Mariana;L;Berazategui;11;0;1;Confirmada;fioritos@fibertel.com.ar;54;23-31552996-4
914;Fraga;Mariana;L;Laferrere;73;1;1;Confirmada;marufraga@gmail.com;752;27-22632236-7
561;Carpintero Aras;Mariano;L;Villa Lugano;47;1;1;Confirmada;mcarpi2@scj.com;503;20-24235008-2
561;Carpintero Aras;Mariano;L;Longchamps;54;1;1;Confirmada;mcarpi2@scj.com;503;20-24235008-2
1311;Guerra;Mariano;P;San Patricio del Chañar;85;1;1;Confirmada;mirmar99@hotmail.com;1707;20-23251195-9
363;Groppo;Mariano;L;Gonzalez Catán;109;1;0;Inactiva;Mariano.groppo@yahoo.com;119;20-26348989-7
5038;Rodriguez Rivas (El Baqueano S.A. );Mariano;P;Villa La Angostura;111;0;1;Confirmada;mroribas@gmail.com;2216;30-53833369-3
363;Groppo;Mariano;L;Pacheco;30;0;1;Confirmada;Mariano.groppo@yahoo.com;119;20-26348989-7
193;Robles;Mariano e Inés;L;Barracas;9;1;0;Inactiva;mrobles@capitalmarkets.com.ar,ineforchieri@gmail.com;440;20-18132126-2
193;Robles;Mariano e Inés;L;Florencio Varela;21;1;0;Inactiva;mrobles@capitalmarkets.com.ar,ineforchieri@gmail.com;440;20-18132126-2
193;Robles;Mariano e Inés;L;Villa Soldati;48;1;2;Confirmada;mrobles@capitalmarkets.com.ar,ineforchieri@gmail.com;440;20-18132126-2
193;Robles;Mariano e Inés;I;Chascomús;53;1;1;Confirmada;mrobles@capitalmarkets.com.ar,ineforchieri@gmail.com;440;20-18132126-2
193;Robles;Mariano e Inés;L;Longchamps;54;2;1;Confirmada;mrobles@capitalmarkets.com.ar,ineforchieri@gmail.com;440;20-18132126-2
193;Robles;Mariano e Inés;L;Gral. Rodriguez;55;3;2;Confirmada;mrobles@capitalmarkets.com.ar,ineforchieri@gmail.com;440;20-18132126-2
193;Robles;Mariano e Inés;L;Virrey del Pino;57;1;1;Confirmada;mrobles@capitalmarkets.com.ar,ineforchieri@gmail.com;440;20-18132126-2
193;Robles;Mariano e Inés;L;Ezeiza;58;2;0;Inactiva;mrobles@capitalmarkets.com.ar,ineforchieri@gmail.com;440;20-18132126-2
193;Robles;Mariano e Inés;L;Merlo;61;1;3;Confirmada;mrobles@capitalmarkets.com.ar,ineforchieri@gmail.com;440;20-18132126-2
108;Domínguez;Mariano y María Inés;L;Virrey del Pino;57;1;1;Confirmada;mhdq49@gmail.com,marinesdominguez@gmail.com;454;20-22962949-3
769;Podobnik;Mariel;L;Virrey del Pino;57;1;1;Confirmada;mariel_podobnik@hotmail.com;616;27-20351503-6
181;Paradela;Marina;L;Presidente Perón;51;1;1;Estimada;marinaparadela@hotmail.com;38;50-00000410-0
1313;Segura;Marina;P;San Patricio del Chañar;85;1;1;Confirmada;marinasegura06@fibertel.com.ar;1723;27-23471631-5
1313;Segura;Marina;L;Gonzalez Catán;109;1;0;Inactiva;marinasegura06@fibertel.com.ar;1723;27-23471631-5
883;Abella (Marsy S.A.);Mario;L;Florencio Varela;21;1;1;Confirmada;marsy@marsy.com.ar;685;20-08208754-1
334;Cordido;Mario;L;Villa Soldati;48;0;1;Confirmada;mariocordi@yahoo.com.ar, marioalfredocordido@yahoo.com.ar;110;20-24663726-2
1034;Fortunato Rosner;Mario;L;Merlo;61;1;1;Confirmada;mfr56@fibertel.com.ar;972;20-04100829-7
1052;Baruzzo;Mario;L;Merlo;61;1;1;Confirmada;mbaruzzo@fibertel.com.ar,;987;20-13068324-0
334;Cordido;Mario;L;Gonzalez Catán;109;1;0;Inactiva;mariocordi@yahoo.com.ar, marioalfredocordido@yahoo.com.ar;110;20-24663726-2
172;Muriago;Mario y Ana;L;José C. Paz;23;1;1;Confirmada;mmuriago@msn.com;447;20-11956770-0
376;González;Marta;I;Santiago del Estero;41;1;1;Estimada;gonzalezribetti@yahoo.com.ar;127;27-04943143-6
280;Garat de Peres Vieyra;Marta;L;Virrey del Pino;57;1;1;Confirmada;gabrielafabro@cimientos.org;355;27-00204959-2
925;Navas;Marta Laura;L;Villa Soldati;48;1;1;Confirmada;mlauranavas@yahoo.com.ar;825;27-10142063-4
5015;Rull;Marta Susana;L;Berazategui;11;0;1;Confirmada;martarull@hotmail.com;257;23-05480450-4
399;Vila;Marta Susana;L;Villa Lugano;47;0;1;Confirmada;vilamarta1@hotmail.com;494;27-05888634-9
399;Vila;Marta Susana;L;Ezeiza;58;1;0;Inactiva;vilamarta1@hotmail.com;494;27-05888634-9
71;Barzi;Martín;L;Florencio Varela;21;1;1;Confirmada;martin.barzi@db.com;9;20-21843276-0
198;Ruete;Martín;L;José C. Paz;23;2;2;Confirmada;martinruete@yahoo.com;60;23-22992181-9
638;Bustillo;Martín;L;Presidente Perón;51;1;1;Confirmada;martinbustillo77@hotmail.com;171;20-26312172-5
1288;Eurnekian;Martín;P;San Patricio del Chañar;85;1;1;Confirmada;meurnekian@aa2000.com.ar;1567;11-11111111-1
1309;Prevett;Martín;I;San Nicolás;91;1;1;Confirmada;maprevett@hotmail.com;1116;20-29906195-8
100;de los Santos;Martín y Carolina Gutierrez;L;Villa Insuperable;96;1;1;Estimada;delossantos@impsa.com, carolinadelossantos@gmail.com;237;20-10566493-2
1257;Wenzell;Martín y familias;I;Tartagal;42;1;0;Inactiva;martin.wenzell@eurobooking.com;1463;20-04680737-6
225;Mercado;Martín y Julieta;L;Zárate;49;1;1;Confirmada;juli_salas@hotmail.com;404;20-20665515-2
1306;Brea;Martina;L;Laferrere;73;1;1;Confirmada;martina_brea@hotmail.com;1627;27-28863187-0
327;Correa Urquiza;Marty & Fernando;L;José C. Paz;23;1;1;Estimada;FCorrea@wrberkley.com,marty_gv@fibertel.com.ar;291;50-00000212-4
327;Correa Urquiza;Marty & Fernando;L;Gonzalez Catán;109;1;1;Estimada;FCorrea@wrberkley.com,marty_gv@fibertel.com.ar;291;50-00000212-4
5034;Pascual;Matías;L;Zárate;49;0;1;Confirmada;pascual.matias@gmail.com;2165;20-32670163-0
780;Shaw;Matías;L;Virrey del Pino;57;1;1;Confirmada;matshaw@gmail.com;632;20-23968648-7
1178;Grupo Melina Gordine;Melina Gordine y grupo;L;Villa Insuperable;96;1;1;Confirmada;martinsourigues@hotmail.com,noegordine@hotmail.com,meflogo@hotmail.com,ezequielmurguet@yahoo.com.ar;1199;27-25433339-0
5017;Videla Escalada;Mercedes;L;Berazategui;11;0;1;Confirmada;sola@sion.com;244;27-06554034-2
1325;Martino;Mercedes;I;Catamarca;14;0;1;Confirmada;byme10@hotmail.com;1775;27-29169253-8
849;Dameno;Mercedes;L;Florencio Varela;21;1;0;Inactiva;;683;27-03044429-4
82;Catella;Miguel;L;Beccar;10;1;1;Estimada;miguel.catella@ldcom.com;224;20-17799413-9
411;de Larminat;Miguel;P;San Martín de los Andes;39;1;1;Confirmada;larminat@mriodelaplata.com.ar;497;20-08308529-1
82;Catella;Miguel;L;Villa Insuperable;96;1;1;Estimada;miguel.catella@ldcom.com;224;20-17799413-9
730;Annibali;Miguel Angel;L;Villa Soldati;48;0;1;Confirmada;;;55-55555555-3
730;Annibali;Miguel Angel;L;Villa Lugano;47;1;0;Inactiva;miguelius@yahoo.com;216;20-10109504-6
990;Sica;Miguel Angel y María Gabriela;L;Florencio Varela;21;1;1;Confirmada;gabrielamsica@yahoo.com.ar,miguelsica@yahoo.com.ar;901;27-23906949-0
75;Blaquier;Miguel y Felisa;L;Berazategui;11;0;1;Confirmada;felisalariviere@gmail.com,mblaquier@nicholsonycano.com.ar;101;20-92275246-0
75;Blaquier;Miguel y Felisa;L;Villa Soldati;48;2;2;Confirmada;felisalariviere@gmail.com,mblaquier@nicholsonycano.com.ar;101;20-92275246-0
75;Blaquier;Miguel y Felisa;L;Zárate;49;1;1;Confirmada;felisalariviere@gmail.com,mblaquier@nicholsonycano.com.ar;101;20-92275246-0
1264;Szurmuk;Monica;L;Laferrere;73;1;1;Confirmada;monicaszurmuk@yahoo.com;1365;27-13935951-3
1138;Marcelini;Mónica;L;Virrey del Pino;57;0;1;Confirmada;mmarcelini@yahoo.com.ar;1144;27-06363965-1
1138;Marcelini;Mónica;L;Villa Insuperable;96;1;1;Confirmada;mmarcelini@yahoo.com.ar;1144;27-06363965-1
333;Pérez;Mónica Liliana;L;Merlo;61;0;1;Confirmada;monlili57@hotmail.com;111;20-05381002-1
333;Pérez;Mónica Liliana;L;Gonzalez Catán;109;1;0;Inactiva;monlili57@hotmail.com;111;20-05381002-1
210;Tombeur/Bravo;Mónica/Mariano;L;Virrey del Pino;57;1;1;Confirmada;monicatombeur@fibertel.com.ar,mebravo@arnet.com.ar;232;20-21951357-8
915;Ocaña;Nancy;L;Valentín Alsina;84;1;1;Estimada;nancy_ocana@hotmail.com;753;27-20764546-5
790;Alonso;Natacha y Juan Patricio Conway;I;Mendoza;52;1;3;Confirmada;natacha_alonso@yahoo.com;644;27-21890492-1
1203;Lema;Natalia;L;Longchamps;54;1;1;Confirmada;vanesenlle@hotmail.com;1234;27-93262196-2
811;Hardie;Nélida;L;Florencio Varela;21;1;1;Confirmada;nquero1@hotmail.com;837;27-06219194-0
1294;Biondi;Nelida y grupo;I;Concordia;16;1;1;Confirmada;drabiondi@yahoo.com.ar;1579;27-10831637-9
1294;Biondi;Nelida y grupo;L;Laferrere;73;1;1;Confirmada;drabiondi@yahoo.com.ar;1579;27-10831637-9
1294;Biondi;Nelida y grupo;P;San Patricio del Chañar;85;1;1;Confirmada;drabiondi@yahoo.com.ar;1579;27-10831637-9
773;Sbarbati;Nelson y Celia;L;Santos Lugares;56;1;1;Confirmada;nelsius05@gmail.com;613;20-04193598-8
1284;Morejón;Nereo;I;Santiago del Estero;41;1;0;Inactiva;nmorejon@juschubut.gov.ar;1543;20-24880874-9
1054;Bessoni;Néstor;I;Villa Mercedes;80;1;1;Confirmada;nestorbessoni@yahoo.com.ar,;991;20-21900355-3
387;Martínez Ríos;Néstor y María Rosa;L;Virrey del Pino;57;1;1;Confirmada;nmrios@mrpharma.com.ar;490;20-04575135-0
1028;Vitale;Néstor y Susana;L;Merlo;61;1;1;Confirmada;vitale@pinturasvenier.com;946;20-07373881-5
77;Braun;Nicolás;L;Quilmes;34;1;1;Confirmada;nbraun@laanonima.com.ar;61;20-18783309-5
297;Viserie;Nicole;L;Longchamps;54;1;1;Confirmada;nicolevis@fibertel.com.ar;480;23-92036056-4
771;Rodríguez;Nilda;I;Jujuy ;64;1;1;Confirmada;mirabelnilda@fibertel.com.ar;611;27-05200960-5
1179;Zimbello;Nora;I;Mendoza;52;1;0;Inactiva;norazimbello@yahoo.com.ar;1259;27-12824552-4
141;Hojman De Garfunkel;Norah;L;Quilmes;34;1;2;Confirmada;norahojman@gmail.com;297;27-02971750-3
171;Morita;Norberto Oscar;L;José C. Paz;23;1;1;Confirmada;marta@southerncrossgroup.com;456;20-08273393-1
171;Morita;Norberto Oscar;L;Zárate;49;1;1;Confirmada;marta@southerncrossgroup.com;456;20-08273393-1
838;Pedrosa;Norma;L;Villa Insuperable;96;1;1;Confirmada;normapedrosa23@hotmail.com;677;27-06132833-0
321;Villard;Olivier;L;Florencio Varela;21;1;1;Estimada;olivier.villard@cerasuiza.com.ar,laura.piera@cerasuiza.com.ar;102;20-20956839-0
979;Lopez Mato;Omar;I;Corrientes;18;1;1;Confirmada;omarlopezmato@gmail.com;871;20-12497437-3
840;Ballesteros;Oscar  ;L;Florencio Varela;21;1;1;Confirmada;helos@fibertel.com.ar;676;27-14769277-9
114;Fiorito;Oscar Jorge;L;Quilmes;34;1;1;Confirmada;efreire@fioritofactoring.com.ar,rfiorito@fioritofactoring.com.ar;473;20-04181209-6
215;Vaquero;Pablo;L;José C. Paz;23;1;1;Confirmada;pablo.a.vaquero@monsanto.com;229;23-17201389-9
686;Mendivil;Pablo;I;Mendoza;52;1;1;Confirmada;pablomendivil@hotmail.com;351;20-20185017-8
904;Arnaudo;Pablo;L;Virrey del Pino;57;1;1;Confirmada;parnaudo@arnet.com.ar;745;20-17636017-9
1301;Pinnel;Pablo;L;Virrey del Pino;57;1;1;Confirmada;pinnel@abeledogottheil.com.ar;1666;20-10794681-1
5037;Quiroga;Pablo Esteban;I;Catamarca;14;0;1;Confirmada;pablo_quiroga@yahoo.com;2166;20-26122495-0
95;Couto;Pablo y Mercedes;L;Zárate;49;1;1;Confirmada;pcouto2000@yahoo.com;342;20-17801585-1
1109;Añon;Patricia;L;Barracas;9;1;1;Confirmada;thelma_0811@yahoo.com.ar;1137;20-13808006-5
871;Moragues;Patricia;L;Florencio Varela;21;1;1;Confirmada;patta711@hotmail.com;717;27-16081945-1
121;Frutos;Patricia;L;Merlo;61;2;2;Confirmada;pfrutos@cponline.org.ar,frutos.p@gmail.com;46;27-13132433-8
1040;Vázquez;Patricia;L;Merlo;61;1;1;Confirmada;marina_haedo@yahoo.com.ar,;949;27-10927528-5
265;Ruiz;Patricia;L;Laferrere;73;1;1;Confirmada;pruizdeviaje@hotmail.com;302;27-25179314-5
1268;Pierre;Patricia y amigas;L;José C. Paz;23;1;1;Confirmada;lolasantamarina@hotmail.com, mrufo@havanna.com.ar, msanjurjo@hasar.com, mac.rodriguezm@gmail.com, amarinp@microsoft.com, pierre@hotmail.com,c_besenyi@hotmail.com,catalinabesenyi@michaelpage.com.ar;1489;27-26620740-4
144;Kelly;Patricio;L;Merlo;61;1;1;Confirmada;patricio.kelly@argentum-mgmt.com.ar;16;20-12988179-9
5045;Maraniello;Patricio;L;Sin zona;33333;0;1;Confirmada;pmarianello@fibertel.com.ar;;20-00231743-8
989;Alvarez Roldán;Patricio y María;L;Beccar;10;2;1;Confirmada;pja2004@gmail.com, maria_cuartara@yahoo.com,;902;20-24529564-3
989;Alvarez Roldán;Patricio y María;L;Presidente Perón;51;2;2;Confirmada;pja2004@gmail.com, maria_cuartara@yahoo.com,;902;20-24529564-3
779;Barbenza;Paula;L;Virrey del Pino;57;1;1;Confirmada;paula@barbenza.com;633;27-25597889-1
1280;Aguilar;Rafael;L;Presidente Perón;51;1;2;Confirmada;RAguilar@adecoagro.com;1539;20-26734541-5
256;Castelo;Raul Dante y Mabel Alicia Lucchini;L;Laferrere;73;1;1;Confirmada;rcastelob@repsolypf.com;256;20-17794596-0
423;James;Ricardo;L;Berazategui;11;0;1;Confirmada;rjames@brawleyar.com.ar;279;23-04610054-9
1098;Lisio;Ricardo;L;Moreno;27;1;1;Confirmada;rlisio2003@yahoo.com.ar;1097;20-14156007-8
423;James;Ricardo;L;Gral. Rodriguez;55;1;1;Confirmada;rjames@brawleyar.com.ar;279;23-04610054-9
234;Stuart;Ricardo;L;Virrey del Pino;57;1;1;Confirmada;stuart_r@fibertel.com.ar;74;20-10809295-6
234;Stuart;Ricardo;L;Laferrere;73;1;1;Confirmada;stuart_r@fibertel.com.ar;74;20-10809295-6
1154;Tomas;Ricardo Daniel ;P;San Martín de los Andes;39;1;1;Confirmada;rtomas@cooprg.org.ar;1125;20-10743101-3
246;Converso;Ricardo Luis;L;Laferrere;73;1;1;Confirmada;monimalar@hotmail.com;80;20-07698111-7
1282;Moatti;Richard;P;San Martín de los Andes;39;3;3;Estimada;arenes.buenosaires@yahoo.com.ar;1541;23-94103367-9
435;Silvagni;Richard y María;I;Trenque Lauquen;44;1;1;Estimada;ricardo.silvagni@us.pwc.com,gene07@optonline.net;286;20-10962501-1
313;Meroño;Roberta;L;Santos Lugares;56;1;1;Confirmada;robertamerono@yahoo.com;217;27-20537196-1
893;Pasianot;Roberto;L;Florencio Varela;21;1;1;Confirmada;pasianot@cnea.gov.ar;742;20-13263399-2
120;Freytes;Roberto;L;Villa Soldati;48;0;1;Confirmada;rfreytes@penafreytes.com.ar;443;20-08659487-1
120;Freytes;Roberto;L;Villa Insuperable;96;1;1;Confirmada;rfreytes@penafreytes.com.ar;443;20-08659487-1
120;Freytes;Roberto;L;Gonzalez Catán;109;1;0;Inactiva;rfreytes@penafreytes.com.ar;443;20-08659487-1
614;Avila;Roberto Orlando;I;Santiago del Estero;41;1;0;Inactiva;ayrampo@hotmail.com;388;20-04281922-1
988;de Andrea;Rocío ;L;Villa Soldati;48;0;1;Confirmada;rociodeandrea@yahoo.com.ar;886;27-27938315-5
988;de Andrea;Rocío ;L;Gonzalez Catán;109;1;0;Inactiva;rociodeandrea@yahoo.com.ar;886;27-27938315-5
192;Roballos;Rodolfo;L;Moreno;27;1;1;Confirmada;rroballos@ledesma.com.ar;63;23-14217371-9
91;Alvarez;Rodolfo y María;L;Presidente Perón;51;1;1;Confirmada;ralvarez.arg@gmail.com;1;20-04415676-9
278;Miguel ;Rodrigo y Cynthia Remudo;L;Virrey del Pino;57;1;1;Confirmada;rmiguel@mlgp.com.ar,cynthiamiguel@gmail.com;246;20-18826401-9
178;Ossowski;Rolando;L;Monte Grande;26;1;1;Confirmada;forli@comcast.net;29;50-00000212-4
178;Ossowski;Rolando;L;Gral. Rodriguez;55;1;1;Confirmada;forli@comcast.net;29;50-00000212-4
360;Brones;Rolando;L;Gonzalez Catán;109;2;2;Confirmada;milisdof@hotmail.com;372;20-14009971-7
5012;Penette;Rosa Margarita;L;Berazategui;11;0;1;Confirmada;sin mail;755;27-01084736-8
1006;Boza de Pagano;Rosario;I;Santiago del Estero;41;1;1;Confirmada;charopagano@fibertel.com.ar;904;27-92391350-0
254;Molinari;Rosina;L;Longchamps;54;1;2;Confirmada;rosinamolinari@fibertel.com.ar;85;27-93724089-4
1307;Verde;Roxana y Luis;L;Merlo;61;1;1;Confirmada;ryaverde@mchsi.com;;20-18773456-1
938;Vega;Rubén;L;Merlo;61;1;1;Confirmada;ruben.o.vega@ar.pwc.com;820;23-08627432-9
1285;Demarco;Rubén Daniel;I;Corrientes;18;1;1;Confirmada;rubenddemarco@hotmail.com;1545;20-06150554-8
1255;Sanchez;Rubén y Nilda;L;Laferrere;73;1;1;Confirmada;rsanchez@fibertel.com.ar;1445;20-07594705-5
5009;Manderioli;Sabina;L;Berazategui;11;0;1;Confirmada;smanderioli@gmail.com;15;27-20018632-5
1141;Parma;Sabina;L;Santos Lugares;56;1;1;Confirmada;sabinaparma@yahoo.com.ar;1169;27-18116424-2
1056;Fodor;Sandra;L;Merlo;61;1;1;Confirmada;safo@fibertel.com.ar;1001;27-16026730-0
94;Cotter;Santiago;L;Beccar;10;1;1;Confirmada;scotter@dljsap.com;464;20-22991133-4
458;Alsina;Santiago;L;Presidente Perón;51;1;1;Confirmada;salsina@mba.com.ar;223;20-22533697-1
5036;Perrotta;Santiago e Inés;P;Villa La Angostura;111;0;1;Confirmada;sperrotta@fibertel.com.ar,sperrotta@fibertel.com.ar;2247;30-60922948-5
777;Cornejo;Santiago y Oscar;L;Virrey del Pino;57;1;1;Confirmada;sancor@fibertel.com.ar;636;20-30636921-1
1276;Vitale;Sebastián;L;José C. Paz;23;1;0;Inactiva;slingerland1988@hotmail.com;1517;20-33857987-0
366;Paz;Sebastián;L;Villa Soldati;48;0;1;Confirmada;smpaz79@hotmail.com;619;23-04365093-9
366;Paz;Sebastián;L;Monte Grande;26;1;0;Inactiva;smpaz79@hotmail.com;619;23-04365093-9
189;Raggio;Sebastián P.;L;Merlo;61;1;1;Confirmada;spraggio@rgmabogados.com;30;20-16892101-3
152;Luchessa;Sebastián y Roxana;L;Beccar;10;5;5;Confirmada;sluchessa@yahoo.com;49;20-18287940-2
152;Luchessa;Sebastián y Roxana;L;Pacheco;30;1;1;Confirmada;sluchessa@yahoo.com;49;20-18287940-2
152;Luchessa;Sebastián y Roxana;L;Merlo;61;1;1;Confirmada;sluchessa@yahoo.com;49;20-18287940-2
288;Kohan Miller;Sebastián y Silvina;L;Zárate;49;1;1;Confirmada;silvinagt@fibertel.com.ar;64;20-20493264-7
1229;Gomez;Sergio;L;Beccar;10;1;1;Confirmada;zinedinegomez@arnet.com.ar;1288;20-12464976-6
365;Wainberg;Sergio;L;Florencio Varela;21;4;0;Inactiva;sdwainberg@gmail.com;1241;20-12012344-1
1263;Valentini;Sergio;L;José C. Paz;23;1;1;Confirmada;savalentini@gmail.com;1482;20-29454891-3
1229;Gomez;Sergio;L;Pacheco;30;1;1;Confirmada;zinedinegomez@arnet.com.ar;1288;20-12464976-6
419;Ellman;Sergio y Alejandra;P;San Martín de los Andes;39;1;1;Confirmada;sme@marval.com.ar, serale@fibertel.com.ar;145;30-70846290-6
1005;Santalucci;Silvana;I;Mar del Plata;24;1;1;Confirmada;silvanasantalucci@hotmail.com;919;27-16464397-8
996;Formigli;Silvana Marina;L;Quilmes;34;1;1;Confirmada;silvana@paher.com.ar;930;27-23682746-7
733;Perez Martín;Silvia;I;Tartagal;42;1;1;Confirmada;sperezm@repsolypf.com;399;27-17057809-6
733;Perez Martín;Silvia;L;Villa Soldati;48;1;1;Confirmada;sperezm@repsolypf.com;399;27-17057809-6
104;De Torres Carbonell;Silvia;L;Villa Insuperable;96;1;1;Estimada;scarbonell@iae.edu.ar;37;27-30925577-7
249;Raffaelli De Cendali;Silvia Cristina;L;Florencio Varela;21;1;1;Estimada;scraffaelli@arnetbiz.com.ar;79;27-04656885-6
839;Rodríguez Blanco;Silvina;L;Florencio Varela;21;1;1;Confirmada;silvin_rb@hotmail.com;667;27-21778364-5
1125;Freidenberg;Silvina;I;Chascomús;53;1;1;Confirmada;estudiofreidenberg@speedy.com.ar;1180;27-18052805-4
282;Barbouth;Simona;L;Quilmes;34;1;1;Confirmada;simonabarb@gmail.com;374;27-05243782-8
1187;Altman;Solange;L;Merlo;61;1;1;Confirmada;solange@impolaunion.com.ar;965;27-24293544-1
680;Cibils;Soledad;L;Virrey del Pino;57;1;1;Confirmada;soledad@cibils.name;200;27-16937831-8
590;Pergolesi;Stella Maris;L;Presidente Perón;51;1;1;Confirmada;fencar1775@speedy.com.ar,stellapergolesi@hotmail.com;196;27-10508466-3
5010;Marino de Alzaga;Susana;L;Berazategui;11;0;1;Confirmada;susanamdealzaga@hotmail.com;294;30-69753958-8
5040;Santillan;Susana;L;Berazategui;11;0;1;Confirmada;susanasantillan@lascala.org.ar;647;27-04985503-1
5008;López Mañán;Susana Kember de y Héctor;L;Berazategui;11;0;1;Inactiva;lopezmanan@fibertel.com.ar;132;30-57437291-3
5008;López Mañán;Susana Kember de y Héctor;L;Gral. Rodriguez;55;0;1;Confirmada;lopezmanan@fibertel.com.ar;132;30-57437291-3
217;Villanes de Kremer;Susana y Héctor;L;Laferrere;73;1;1;Confirmada;svillanes@gmail.com,kremer@estudiokremer.com,;57;27-10620043-8
1246;Lariviere;Teresa;I;Tartagal;42;1;2;Confirmada;tessylariviere@gmail.com;1475;27-03226101-4
322;Stok;Teresa ;L;Villa Lugano;47;0;1;Confirmada;Teresa.Stok@moodys.com, lvl262@hotmail.com;331;99-99999999-9
322;Stok;Teresa ;L;Gonzalez Catán;109;1;0;Inactiva;Teresa.Stok@moodys.com, lvl262@hotmail.com;331;99-99999999-9
563;Gahan Mc Grath;Tomás Brian;L;Merlo;61;1;1;Estimada;bgahan@digitale.com.mx,pgesino@digitale.com.mx;505;50-00000218-3
683;Salomón;Tonino;L;Gonzalez Catán;109;1;1;Estimada;caledonianway@yahoo.fr;180;50-00000412-7
5002;Briano;Tristan;L;Berazategui;11;0;1;Confirmada;tbriano@fibertel.com.ar;1364;20-13445499-8
1271;Ingham;Trixie;L;José C. Paz;23;1;2;Confirmada;gabrielafabro@cimientos.org;1504;99-99999999-9
679;O´Farrell;Uriel;L;Virrey del Pino;57;1;1;Confirmada;ofarrellu@estudio-ofarrell.com.ar;198;23-10964104-9
863;Césare;Valeria;L;Florencio Varela;21;1;1;Confirmada;valecris@hotmail.com;698;27-27011205-1
1327;Beola;Valeria;L;Presidente Perón;51;1;1;Confirmada;valeria_beola@hotmail.com,garbari@fibertel.com.ar;273;23-21913072-4
1148;Silva;Valeria Carolina Silva;L;Longchamps;54;1;1;Confirmada;valeriacarolinasilva@hotmail.com;1214;27-26185313-8
130;Gomez Alzaga;Valeria y Carlos;L;Villa Insuperable;96;1;1;Confirmada;baiacg@techint.net,valelagocki@hotmail.com;234;20-21486411-9
881;Bao;Verónica;L;Monte Grande;26;1;1;Confirmada;verobao@hotmail.com;722;27-22539702-9
763;Rodríguez;Vicente;L;Pacheco;30;1;1;Confirmada;vbrodriguez@gmail.com;610;20-07634372-2
1142;Grupo Vicky Piñero;Vicky Piñero y grupo;L;Villa Insuperable;96;1;0;Inactiva;taiapinero@gmail.com,delfinaogrady@hotmail.com,manujauregui@hotmail.com,maypico2000@hotmail.com;1127;23-29503277-4
1221;Garcia;Victor Manuel;L;Ezeiza;58;1;0;Inactiva;;1245;20-05318893-2
1298;Carlini;Victoria;I;Rosario;36;1;1;Estimada;victoriacarlini@hotmail.com;1591;27-31575154-9
84;Cirio/Capellini;Victoria y Jorge;L;Monte Grande;26;1;0;Inactiva;victoria.cirio@interfly.com.ar;465;27-21925229-9
585;Bianquet;Virginia;L;Presidente Perón;51;1;1;Confirmada;liliana_bianquet@hotmail.com;383;27-12206378-5
943;Chilelli;Virginia Ines;L;Presidente Perón;51;1;0;Inactiva;;827;27-23103236-9
243;Baridon;Viviana y Pablo;L;Valentín Alsina;84;1;0;Inactiva;pablobaridon@yahoo.com.ar;409;20-11379849-2
1219;Grant;Xavier;L;Longchamps;54;1;1;Confirmada;xg@xaga.com,mav@xaga.com;1246;20-21923805-4
1204;Garcia;Ximena;I;Mendoza;52;1;0;Inactiva;ximena.garcia@live.com;1233;27-30081304-1
